滚胶锅龋,雀荤ID,瞒辆,历惑滚胶,钎霖ID,辑厚胶惑怕
版合70磊5104,1001,1,0,355005104,1
版合70磊5105,1001,1,0,355005105,1
版合70磊5604,1002,1,0,355005604,1
版合70磊5605,1002,1,0,355005605,1
版合70磊5106,1001,1,0,355005106,1
版合70磊5107,1001,1,0,355005107,1
版合70磊5606,2001,1,0,355005606,1
版合70磊5607,2001,1,0,355005607,1
版合70磊5102,1001,1,0,355005102,1
版合70磊5603,1002,1,0,355005603,1
版合70磊5103,1001,2,0,355005103,1
版合70磊5101,1001,1,0,355005101,1
版合70磊5100,1001,1,0,355005100,1
版合70磊5601,1002,1,0,355005601,1
版合70磊5001,1001,2,0,355005001,1
版合70磊9135,2001,2,0,369009135,1
版合70磊5597,1002,1,1,355005597,1
版合70磊5002,1001,1,0,355005002,1
版合70磊5003,1001,1,0,355005003,1
版合70磊5004,1001,1,0,355005004,1
版合70磊5005,1001,1,0,355005005,1
版合70磊5006,1001,1,0,355005006,1
版合70磊5007,1001,2,0,355005007,1
版合70磊5008,1001,2,0,355005008,1
版合70磊5009,1001,1,0,355005009,1
版合70磊5010,1001,2,0,355005010,1
版合70磊5011,1001,2,0,355005011,1
版合70磊5012,1001,1,1,355005012,1
版合70磊5013,1001,2,0,355005013,1
版合70磊5014,1001,2,0,355005014,1
版合70磊5015,1001,1,0,369005015,1
版合70磊5016,1001,2,0,355005016,1
版合70磊5017,1001,1,1,355005017,1
版合70磊5018,1001,1,1,355005018,1
版合70磊5019,1001,1,0,355005019,1
版合70磊5020,1001,1,0,355005020,1
版合70磊5021,1001,2,0,355005021,1
版合70磊5022,1001,1,0,355005022,1
版合70磊5023,1001,1,0,355005023,1
版合70磊5024,1001,1,0,369005024,1
版合70磊5025,1001,1,0,369005025,1
版合70磊5026,1001,1,0,369005026,1
版合70磊5027,1001,1,0,369005027,1
版合70磊5028,1001,1,0,369005028,1
版合70磊5029,1001,1,0,369005029,1
版合70磊5030,1001,1,0,369005030,1
版合70磊5031,1001,1,0,369005031,1
版合70磊5032,1001,1,1,355005032,1
版合70磊5033,1001,1,0,369005033,1
版合70磊5034,1001,1,0,355005034,1
版合70磊5035,1001,1,0,355005035,1
版合70磊5036,1001,1,0,369005036,1
版合70磊5037,1001,1,0,355005037,1
版合70磊5038,1001,1,1,355005038,1
版合70磊5039,1001,1,0,355005039,1
版合70磊5040,1001,2,0,355005040,1
版合70磊5041,1001,2,0,355005041,1
版合70磊5042,1001,2,0,355005042,1
版合70磊5043,1001,2,0,355005043,1
版合70磊5044,1001,2,0,355005044,1
版合70磊5045,1001,2,0,355005045,1
版合70磊5046,1001,2,0,355005046,1
版合70磊5047,1001,2,0,355005047,1
版合70磊5048,1001,2,0,355005048,1
版合70磊5049,1001,2,0,355005049,1
版合70磊5050,1001,1,0,355005050,1
版合70磊5051,1001,2,0,369005051,1
版合70磊5052,1001,1,0,369005052,1
版合70磊5053,1001,1,0,355005053,1
版合70磊5054,1001,2,0,355005054,1
版合70磊5055,1001,2,0,355005055,1
版合70磊5056,1001,2,0,369005056,1
版合70磊5057,1001,1,0,369005057,1
版合70磊5058,1001,1,0,369005058,1
版合70磊5059,1001,2,0,355005059,1
版合70磊5060,1001,2,0,355005060,1
版合70磊5061,1001,1,1,355005061,1
版合70磊5062,1001,2,0,355005062,1
版合70磊5063,1001,1,0,355005063,1
版合70磊5064,1001,1,1,355005064,1
版合70磊5065,1001,1,1,355005065,1
版合70磊5066,1001,1,0,355005066,1
版合70磊5067,1001,1,0,355005067,1
版合70磊5068,1001,1,0,355005068,1
版合70磊5069,1001,2,0,355005069,1
版合70磊5070,1001,1,0,355005070,1
版合70磊5071,1001,2,0,355005071,1
版合70磊5072,1001,1,0,355005072,1
版合70磊5073,1001,1,0,355005073,1
版合70磊5074,1001,2,0,355005074,1
版合70磊5075,1001,1,0,369005075,1
版合70磊5076,1001,1,0,369005076,1
版合70磊5077,1001,1,0,355005077,1
版合70磊5078,1001,1,0,355005078,1
版合70磊5079,1001,1,0,355005079,1
版合70磊5080,1001,1,1,355005080,1
版合70磊5081,1001,1,0,355005081,1
版合70磊5082,1001,1,0,355005082,1
版合70磊5083,1001,1,0,355005083,1
版合70磊5084,1001,2,0,369005084,1
版合70磊5085,1001,1,0,355005085,1
版合70磊5086,1001,1,0,355005086,1
版合70磊5087,1001,1,0,355005087,1
版合70磊5088,1001,1,0,355005088,1
版合70磊5089,1001,2,0,355005089,1
版合70磊5090,1001,1,1,355005090,1
版合70磊5091,1001,1,0,355005091,1
版合70磊5092,1001,1,0,355005092,1
版合70磊5501,1002,1,0,355005501,1
版合70磊5502,1002,1,0,355005502,1
版合70磊5503,1002,1,0,355005503,1
版合70磊5504,1002,1,1,355005504,1
版合70磊5505,1002,1,1,355005505,1
版合70磊5506,1002,1,0,355005506,1
版合70磊5507,1002,2,0,355005507,1
版合70磊5508,1002,1,0,355005508,1
版合70磊5509,1002,1,0,355005509,1
版合70磊5510,1002,1,1,355005510,1
版合70磊5511,1002,2,0,355005511,1
版合70磊5512,1002,1,0,355005512,1
版合70磊5513,1002,1,0,355005513,1
版合70磊5514,1002,1,0,355005514,1
版合70磊5515,1002,1,0,355005515,1
版合70磊5516,1002,2,0,355005516,1
版合70磊5517,1002,2,0,355005517,1
版合70磊5518,1002,2,0,355005518,1
版合70磊5519,1002,2,0,355005519,1
版合70磊5520,1002,2,0,355005520,1
版合70磊5521,1002,1,0,355005521,1
版合70磊5522,1002,2,0,355005522,1
版合70磊5523,1002,2,0,355005523,1
版合70磊5524,1002,1,0,355005524,1
版合70磊5525,1002,1,0,355005525,1
版合70磊5526,1002,1,0,355005526,1
版合70磊5527,1002,1,1,355005527,1
版合70磊5528,1002,1,0,355005528,1
版合70磊5529,1002,1,0,355005529,1
版合70磊5530,1002,1,0,355005530,1
版合70磊5531,1002,2,0,355005531,1
版合70磊5532,1002,1,0,355005532,1
版合70磊5533,1002,1,0,355005533,1
版合70磊5534,1002,2,0,355005534,1
版合70磊5535,1002,2,0,355005535,1
版合70磊5536,1002,1,1,355005536,1
版合70磊5537,1002,1,0,355005537,1
版合70磊5538,1002,1,1,355005538,1
版合70磊5539,1002,1,1,355005539,1
版合70磊5540,1002,1,0,355005540,1
版合70磊5541,1002,1,0,355005541,1
版合70磊5542,1002,1,1,355005542,1
版合70磊5543,1002,1,0,355005543,1
版合70磊5544,1002,1,0,355005544,1
版合70磊5545,1002,1,0,355005545,1
版合70磊5546,1002,1,1,355005546,1
版合70磊5547,1002,1,0,355005547,1
版合70磊5548,1002,1,0,355005548,1
版合70磊5549,1002,2,0,355005549,1
版合70磊5550,1002,2,0,355005550,1
版合70磊5551,1002,2,0,355005551,1
版合70磊5552,1002,2,0,355005552,1
版合70磊5553,1002,2,0,355005553,1
版合70磊5554,1002,1,0,355005554,1
版合70磊5555,1002,2,0,355005555,1
版合70磊5556,1002,1,0,355005556,1
版合70磊5557,1002,1,1,355005557,1
版合70磊5558,1002,2,0,355005558,1
版合70磊5559,1002,2,0,355005559,1
版合70磊5560,1002,2,0,355005560,1
版合70磊5561,1002,1,0,355005561,1
版合70磊5562,1002,1,0,355005562,1
版合70磊5563,1002,1,0,355005563,1
版合70磊5564,1002,1,0,355005564,1
版合70磊5565,1002,1,0,355005565,1
版合70磊5566,1002,1,0,355005566,1
版合70磊5567,1002,1,0,355005567,1
版合70磊5568,1002,1,0,355005568,1
版合70磊5569,1002,1,0,355005569,1
版合70磊5570,1002,1,0,355005570,1
版合70磊5571,1002,1,0,355005571,1
版合70磊5572,1002,1,0,355005572,1
版合70磊5573,1002,1,0,355005573,1
版合70磊5574,1002,1,0,355005574,1
版合70磊5575,1002,1,0,355005575,1
版合70磊5576,1002,1,0,355005576,1
版合70磊5577,1002,1,0,355005577,1
版合70磊5578,1002,1,0,355005578,1
版合70磊5579,1002,1,0,355005579,1
版合70磊5580,1002,2,0,355005580,1
版合70磊5581,1002,2,0,355005581,1
版合70磊5582,1002,2,0,355005582,1
版合70磊5583,1002,1,0,355005583,1
版合70磊5584,1002,2,0,355005584,1
版合70磊5585,1002,2,0,355005585,1
版合70磊5586,1002,2,0,355005586,1
版合70磊5587,1002,2,0,355005587,1
版合70磊5588,1002,2,0,355005588,1
版合70磊5589,1002,1,0,355005589,1
版合70磊5590,1002,1,0,355005590,1
版合70磊5591,1002,1,0,355005591,1
版合70磊5592,1002,2,0,355005592,1
版合70磊9101,2001,2,0,369009101,1
版合70磊9102,2001,2,0,369009102,1
版合70磊9103,2001,2,0,369009103,1
版合70磊9104,2001,1,0,369009104,1
版合70磊9105,2001,2,0,369009105,1
版合70磊9106,2001,2,0,369009106,1
版合70磊9107,2001,2,0,369009107,1
版合70磊9108,2001,2,0,369009108,1
版合70磊9109,2001,2,0,369009109,1
版合70磊9110,2001,1,0,369009110,1
版合70磊9111,2001,2,0,369009111,1
版合70磊9112,2001,2,0,369009112,1
版合70磊9113,2001,2,0,369009113,1
版合70磊9114,2001,2,0,369009114,1
版合70磊9115,2001,1,0,369009115,1
版合70磊9117,2001,2,0,369009117,1
版合70磊3333,9999,1,0,355003333,1
版合70磊5099,1001,1,1,355005099,1
版合70磊5600,1002,1,1,355005600,1
版合70磊5599,1002,1,0,355005599,1
版合70磊5593,1002,1,1,355005593,1
版合70磊5093,1001,1,1,355005093,1
版合70磊5594,1002,1,0,355005594,1
版合70磊5595,1002,1,0,355005595,1
版合70磊5596,1002,1,0,355005596,1
版合70磊5094,1001,1,0,355005094,1
版合70磊5096,1001,1,0,355005096,1
版合70磊5095,1001,1,0,355005095,1
版合70磊5097,1001,1,1,355005097,1
版合70磊5098,1001,1,0,355005098,1
版合70磊5598,1002,1,1,355005598,1
版合70磊5602,1002,2,0,355005602,1
